id,blog_id,name
,425,money
,424,money
,423,money
,422,money
,421,money
,420,money
,419,money
,418,money
,417,money
,416,money
,415,money
,414,money
,413,money
,412,money
,411,money
,410,money
,409,money
,408,money
,407,money
,406,money
,425,deli
,424,deli
,423,deli
,422,deli
,421,deli
,420,deli
,419,deli
,418,deli
,417,deli
,416,deli
,415,deli
,414,deli
,413,deli
,412,deli
,411,deli
,410,deli
,409,deli
,408,deli
,407,deli
,406,deli
,425,bar
,424,bar
,423,bar
,422,bar
,421,bar
,420,bar
,419,bar
,418,bar
,417,bar
,416,bar
,415,bar
,414,bar
,413,bar
,412,bar
,411,bar
,410,bar
,409,bar
,408,bar
,407,bar
,406,bar
