Blog.id,Blog.category_id,Blog.design_id,Blog.genre_id,Blog.name,Blog.sitename,Blog.title,Blog.description,Blog.ip,Blog.domain,Category.name,Design.name
425,7,148,2,go-sexylady.info,go-sexylady.info,go-sexylady.info,go-sexylady.info,198.91.92.169,http://go-sexylady.info/,X-Satelite,[X-Deli] Template
424,7,148,2,kyabaponpon.com,kyabaponpon.com,kyabaponpon.com,kyabaponpon.com,198.91.92.140,http://kyabaponpon.com/,X-Satelite,[X-Deli] Template
423,7,148,2,fanky-deliheru.org,fanky-deliheru.org,fanky-deliheru.org,fanky-deliheru.org,198.91.92.121,http://fanky-deliheru.org/,X-Satelite,[X-Deli] Template
422,7,148,2,uradvd-shop.info,uradvd-shop.info,uradvd-shop.info,uradvd-shop.info,198.91.92.33,http://uradvd-shop.info/,X-Satelite,[X-Deli] Template
421,7,148,2,deli-fuzoku.info,deli-fuzoku.info,deli-fuzoku.info,deli-fuzoku.info,198.91.88.252,http://deli-fuzoku.info/,X-Satelite,[X-Deli] Template
420,7,148,2,angelgirl-deli.org,angelgirl-deli.org,angelgirl-deli.org,angelgirl-deli.org,198.91.88.251,http://angelgirl-deli.org/,X-Satelite,[X-Deli] Template
419,7,148,2,go-deliheru-go.org,go-deliheru-go.org,go-deliheru-go.org,go-deliheru-go.org,198.91.86.31,http://go-deliheru-go.org/,X-Satelite,[X-Deli] Template
418,7,148,2,go-fuzoku-go.com,go-fuzoku-go.com,go-fuzoku-go.com,go-fuzoku-go.com,198.91.86.30,http://go-fuzoku-go.com/,X-Satelite,[X-Deli] Template
417,7,148,2,love-fuzokudeli.com,love-fuzokudeli.com,love-fuzokudeli.com,love-fuzokudeli.com,198.91.86.29,http://love-fuzokudeli.com/,X-Satelite,[X-Deli] Template
416,7,148,2,kyabakura-lady.com,kyabakura-lady.com,kyabakura-lady.com,kyabakura-lady.com,198.91.86.101,http://kyabakura-lady.com/,X-Satelite,[X-Deli] Template
415,7,148,2,go-hotelherusu.info,go-hotelherusu.info,go-hotelherusu.info,go-hotelherusu.info,198.91.86.40,http://go-hotelherusu.info/,X-Satelite,[X-Deli] Template
414,7,148,2,deli-heaven.info,deli-heaven.info,deli-heaven.info,deli-heaven.info,198.91.86.39,http://deli-heaven.info/,X-Satelite,[X-Deli] Template
413,7,148,2,sugu-deliheru.org,sugu-deliheru.org,sugu-deliheru.org,sugu-deliheru.org,198.91.86.38,http://sugu-deliheru.org/,X-Satelite,[X-Deli] Template
412,7,148,2,fuzokuplayers.org,fuzokuplayers.org,fuzokuplayers.org,fuzokuplayers.org,198.91.86.37,http://fuzokuplayers.org/,X-Satelite,[X-Deli] Template
411,7,148,2,fuzoku-camcan.org,fuzoku-camcan.org,fuzoku-camcan.org,fuzoku-camcan.org,198.91.86.36,http://fuzoku-camcan.org/,X-Satelite,[X-Deli] Template
410,7,148,2,gogo-deli.info,gogo-deli.info,gogo-deli.info,gogo-deli.info,198.91.86.35,http://gogo-deli.info/,X-Satelite,[X-Deli] Template
409,7,148,2,fuzokuponpon.info,fuzokuponpon.info,fuzokuponpon.info,fuzokuponpon.info,198.91.86.34,http://fuzokuponpon.info/,X-Satelite,[X-Deli] Template
408,7,148,2,fuzoku-girls.org,fuzoku-girls.org,fuzoku-girls.org,fuzoku-girls.org,198.91.86.100,http://fuzoku-girls.org/,X-Satelite,[X-Deli] Template
407,7,148,2,deligirlslove.com,deligirlslove.com,deligirlslove.com,deligirlslove.com,198.91.86.33,http://deligirlslove.com/,X-Satelite,[X-Deli] Template
406,7,148,2,clubkyaba.com,clubkyaba.com,clubkyaba.com,clubkyaba.com,198.91.86.32,http://clubkyaba.com/,X-Satelite,[X-Deli] Template
234,4,3,32,オールドJ [-]  extream ② club-hanabi.com,,やっぱり花火が好き！,花火が好きだからいつまでも見ています！,59.106.192.140,http://club-hanabi.com/,J,J
233,7,147,6,X-Satelite [自動車] kuruma-network.com,自動車ネットワーク,自動車・輸入車部品・輸入車パーツ総合ランキングネットワーク,,198.91.92.169,http://kuruma-network.com/,X-Satelite,[X-Satelite] kuruma-network.com
232,7,146,7,X-Satelite [結婚] wedding-nav.com,結婚ナビ,結婚式の総合情報｜無料サービス,,198.91.92.140,http://wedding-nav.com/,X-Satelite,[X-Satelite] wedding-nav.com
231,7,145,8,X-Satelite [データ] fukugen-data.com,復元データ,データ復元・データレスキュー｜無料IT情報サポート,,198.91.92.121,http://fukugen-data.com/,X-Satelite,[X-Satelite] fukugen-data.com
230,7,144,9,X-Satelite [ギフト] bestgiftnavi.com,ベストGIFTナビ,ギフトのご注文｜特別な日のプレゼント,,198.91.92.33,http://bestgiftnavi.com/,X-Satelite,[X-Satelite] bestgiftnavi.com
229,7,143,10,X-Satelite [外壁] gaiheki-painter.com,不動産,不動産のことなら｜賃貸から分譲、リフォームまでなんでも不動産,,198.91.88.252,http://gaiheki-painter.com/,X-Satelite,[X-Satelite] gaiheki-painter.com
228,7,142,11,X-Satelite [風俗] e-fuzoku.com,いい風俗情報,風俗ナビ｜ネット風俗情報｜e-fuzokuジャパン,,198.91.88.251,http://e-fuzoku.com/,X-Satelite,[X-Satelite] e-fuzoku.com
227,7,141,12,X-Satelite [グルメ] office-store.net,オフィス・ストア,オフィス用具・アプリケーション・工事サビース総合サービス,,198.91.86.31,http://office-store.net/,X-Satelite,[X-Satelite] office-store.net
226,7,140,13,X-Satelite [グルメ] zeirishi-shokainet.com,税理士紹介ネットワーク,税理士情報・税理士紹介ネットワーク・無料相談,,198.91.86.30,http://zeirishi-shokainet.com/,X-Satelite,[X-Satelite] zeirishi-shokainet.com
225,7,139,14,X-Satelite [清掃] clean-no1.com,清掃No.1,清掃サービス|特殊清掃の仕事・死臭消臭・死臭の原因は何ですか?,,198.91.86.29,http://clean-no1.com/,X-Satelite,[X-Satelite] clean-no1.com
224,7,138,15,X-Satelite [グルメ] tabelogy.com,タベロギ,最新ファッション情報サイト,,198.91.86.101,http://tabelogy.com/,X-Satelite,[X-Satelite] tabelogy.com
223,7,137,1,X-Satelite [美容] e-biyou.net,e-美容ネット,ネット美容サイト | 美容外科・美容室・化粧品ベスト検索,,198.91.86.40,http://e-biyou.net/,X-Satelite,[X-Satelite] e-biyou.net
222,7,136,16,X-Satelite [美容] cosme-no1.com,コスメNo.1,コスメ・ビューティー・化粧品の総合サービスサイト,,198.91.86.39,http://cosme-no1.com/,X-Satelite,[X-Satelite] cosme-no1.com
221,7,135,17,X-Satelite [介護] kaigo-heart.com,介護ハート,介護ハート｜訪問介護サビース｜在宅介護サービス,,198.91.86.38,http://kaigo-heart.com/,X-Satelite,[X-Satelite] kaigo-heart.com
220,7,134,5,X-Satelite [治療家] chiryoka.net,治療家ネット,柔道整復師・鍼灸師・マッサージ師の求人 ｜ 治療家【求人】,,198.91.86.37,http://chiryoka.net/,X-Satelite,[X-Satelite] chiryoka.net
219,7,133,5,X-Satelite [求人] recruit-works.com,リクルートワーク,【リクルートワーク】求人情報 | あらゆる仕事 まとめ総合ネットワーク,,198.91.86.36,http://recruit-works.com/,X-Satelite,[X-Satelite] recruit-works.com
218,7,132,6,X-Satelite [タクシー] takuxi.com,趣味,タクシーで働く｜転職・求人・仕事情報無料提供サービス,ペットやスポーツなど様々な趣味の総合サイト,198.91.86.35,http://takuxi.com/,X-Satelite,[X-Satelite] takuxi.com
217,7,131,19,X-Satelite [SEO] penaltyinfo.com,ペナルティ解除情報,ペナルティ解除手法・Googleガイドライン違反ペナルティ,,198.91.86.34,http://penaltyinfo.com/,X-Satelite,[X-Satelite] penaltyinfo.com
216,7,130,19,X-Satelite [SEO] seochecky.com,SEOチェックツール,SEOチェックツール｜無料SEOツールまとめる,,198.91.86.100,http://seochecky.com/,X-Satelite,[X-Satelite] seochecky.com
215,7,129,18,X-Satelite [現近化] genkinkacreditcard.com,現金化クレジットカード,現金化クレジットカード | 最新情報提供サービス,,198.91.86.33,http://genkinkacreditcard.com/,X-Satelite,[X-Satelite] genkinkacreditcard.com
214,7,128,18,X-Satelite [現近化] genkin-creditcard.com,現金クレジットカード,クレジットカード現金化・ショッピング枠を現金化とは？｜役に立つ情報,,198.91.86.32,http://genkin-creditcard.com/,X-Satelite,[X-Satelite] genkin-creditcard.com
213,2,116,25,アメーバ [家庭] 123 ⑤ fortune-telephone.asia,,日常の中の非日常を味わためのブログ,平凡な毎日に飽きた俺は、非日常を味わうために無茶しようと思っているブログ,69.56.142.2,http://fortune-telephone.asia/,アメーバ,アメーバ [オフィス] 123-601 royaljelly-land.com
212,2,1,25,アメーバ [家庭] 123 ④ tel-charges.xyz,,通販の買い物で必須のクレジットカード,よく通販を利用する自分からしたら、通販にクレッジトカードの設定をしていないとマジで地獄だと思う。,69.56.159.2,http://tel-charges.xyz/,アメーバ,アメーバ
211,2,1,23,アメーバ [不動産] 123 ② home-de-tuuhan.xyz,,エコで節電,当サイトは綺麗になりたい女の子のためのビューティ総合サイトです。今回はについて詳しく書きました！！,67.18.66.2,http://home-de-tuuhan.xyz/,アメーバ,アメーバ
210,2,1,23,アメーバ [不動産] 123 ③ ouchi-lease.asia,,機能的な良い家,当サイトは綺麗になりたい女の子のためのビューティ総合サイトです。今回はについて詳しく書きました！！,69.41.242.29,http://ouchi-lease.asia/,アメーバ,アメーバ
209,2,1,25,アメーバ [家庭] 123 ③ dokkiridoress.co,,一人暮らしノウハウ,一人暮らし歴10年の私が一人暮らしの醍醐味について長く語っていくブログ,69.56.216.2,http://dokkiridoress.co/,アメーバ,アメーバ
208,2,1,23,アメーバ [不動産] 123 ④ old-carpink.info,,一家団欒できる家づくり,当サイトは綺麗になりたい女の子のためのビューティ総合サイトです。今回はについて詳しく書きました！！,67.18.62.2,http://old-carpink.info/,アメーバ,アメーバ
207,2,1,25,アメーバ [家庭] 123 ② nikibikibi.info,,ペットとの癒やし生活,可愛いペットとの日々の暮らしのおかげで毎日が充実してしまいます。そんな癒やしの一日から動物たちとの格闘について…書いていきます♪,69.56.224.2,http://nikibikibi.info/,アメーバ,アメーバ
206,2,116,23,アメーバ [不動産] 123 ① tantei-park.com,,住宅販売会社について,"""断熱塗料",大規模修繕,"フロアコーティングで損しないための物件を探そう|当サイトは満足度の高い不動産を集めた不動産ポータルサイトです。""",アメーバ,アメーバ [オフィス] 123-601 royaljelly-land.com
205,2,1,25,アメーバ [家庭] 123 ① locoloco-bag.asia,,葬儀のなぜなに,葬儀？お墓…？相続はどうすればいいの…？そんな貴方の疑問にお答えします！,69.93.106.2,http://locoloco-bag.asia/,アメーバ,アメーバ
204,2,1,25,アメーバ [家庭] 123 ⑥ i-omajinai.info,,フリマ奮闘記,フリマことフリーマーケットでいかに稼ぐかを考えている主婦が生息しています。,69.93.115.2,http://i-omajinai.info/,アメーバ,アメーバ
203,2,1,24,アメーバ [アパレル] 123 kyaba-gogo.xyz,,お洒落ファッションとは,当サイトは綺麗になりたい女の子のためのビューティ総合サイトです。今回はについて詳しく書きました！！,67.18.1.112,http://kyaba-gogo.xyz/,アメーバ,アメーバ
202,3,2,1,アメJ [美容] 203-A ① sekken-way.com,,美容あるある,可愛い物が大好きな乙女風日記です。他の方の整形・豊胸などの体験談から美容と健康まで幅広く取り扱っています。,65.75.132.203,http://sekken-way.com/,アメJ,アメJ
201,2,1,1,アメーバ [医療] 123 ① dental-fan.asia,,医療業界の本音,医療業界に長年務めて思ったことや考えたことを書いていきます,69.93.65.4,http://dental-fan.asia/,アメーバ,アメーバ
200,2,117,1,アメーバ [医療] 123 ② kyuujin-house.info,,体を内側から治す！,よくわからないけれど、体がだるい…こんな症状、誰しもありますよね？実はこれ、内側から治していけるんです！,70.87.22.14,http://kyuujin-house.info/,アメーバ,アメーバ [医療] 123-901 kyuujin-place.com
199,2,1,2,アメーバ [アダルト] 1301-A ③ hoteheru-night.co,,どき★きゃば！,キャバクラに行った時の、キャバ嬢との何とも言えない甘い駆け引きを楽しむ日記。最後は落としたほうが勝ちぃ！,149.47.161.146,http://hoteheru-night.co/,アメーバ,アメーバ
198,2,1,2,アメーバ [アダルト] 1301-A ④ sukisuki-fuzok.info,,ドキドキ風俗体験記,今まで一度も風俗にいったことがなく、かつモテないという冴えない男の三重苦難を乗り越えた話。,149.47.144.157,http://sukisuki-fuzok.info/,アメーバ,アメーバ
197,2,1,2,アメーバ [アダルト] 1301-A ⑤ sukisuki-kyaba.asia,,風俗ノ世界,華々しい風俗業界も裏では色々とある…そんなアングラな情報をこっそり配信している風俗の裏サイトです。,149.47.128.130,http://sukisuki-kyaba.asia/,アメーバ,アメーバ
196,2,1,2,アメーバ [アダルト] 1301-A ⑥ sukisuki-soap.info,,ハッピー風俗ライフ♪,風俗にいくようになってから自分に自信がついて、生活が楽になった奴の話。,149.47.112.140,http://sukisuki-soap.info/,アメーバ,アメーバ
195,2,1,2,アメーバ [アダルト] 1301-A ⑦ fuzoku-gogo.co,,キャバクラへ行こう！,キャバクラにいけば人生が変わる！今までを暗く生きてきたそこのあなた！今こそキャバクラで人生をバラ色に！,149.47.98.149,http://fuzoku-gogo.co/,アメーバ,アメーバ
194,2,1,2,アメーバ [アダルト] 1301-A ⑧ fuzoku-research.xyz,,大物ホストへの道,かつて一流ホストと呼ばれていた流星の一流ホスト講座,149.47.75.138,http://fuzoku-research.xyz/,アメーバ,アメーバ
193,2,1,2,アメーバ [アダルト] 1301-A ⑨ fuzokudaisuki.co,,キャバ嬢集まれ！,色々なお店でキャバ嬢のアシスタントをしていた僕がキャバクラ界を切る！,149.47.38.145,http://fuzokudaisuki.co/,アメーバ,アメーバ
192,2,1,2,アメーバ [アダルト] 1301-A ⑩ soap-night.xyz,,桃色デリヘル,灰色の生活から抜け出すために毎夜毎夜きらきらネオンが光るデリヘルに通っています。,149.47.2.137,http://soap-night.xyz/,アメーバ,アメーバ
191,2,1,2,アメーバ [アダルト] 1301-A ⑪ fuzoku-night.asia,,夜のお仕事集合！,夜のお仕事についての実情を赤裸々に語っています。夜遊びで大変なこともあれば楽しいことも沢山！夜のお仕事を体験してみませんか？,129.121.235.47,http://fuzoku-night.asia/,アメーバ,アメーバ
190,2,1,2,アメーバ [アダルト] 1301-A ⑫ kyaba-night.info,,ソープ★ニャンダフル！,一日に一回はソープに通わないと、そわそわしてしまうソープ狂いの戯言日記です,129.121.79.183,http://kyaba-night.info/,アメーバ,アメーバ
189,2,114,12,アメーバ [オフィス] 123 ① kashiteyo-cars.asia,,オフィスグッズが大好きで,シンプルだけど使い勝手の良いオフィスグッズのあれこれを語ってます。,67.18.39.8,http://kashiteyo-cars.asia/,アメーバ,アメーバ [オフィス] 123-401 konkatsu-land.com
188,2,114,12,アメーバ [オフィス] 123 ② cute-e-fashion.info,,恋愛のお仕事,いつまでも綺麗な女性でいたいから仕事も恋愛もがんばるバリバリの人間を目指しています,69.56.238.7,http://cute-e-fashion.info/,アメーバ,アメーバ [オフィス] 123-401 konkatsu-land.com
187,2,114,12,アメーバ [オフィス] 123 ③ dokidokinight-date.co,,オフィグッズの調べ,今では無くてはやっていけないアイデアグッズの生まれた瞬間をピックアップ,69.93.82.27,http://dokidokinight-date.co/,アメーバ,アメーバ [オフィス] 123-401 konkatsu-land.com
186,2,114,12,アメーバ [オフィス] 123 ④ gekimuzu-saimu.xyz,,どたばたオフィス日記,恋に仕事にお洒落に大忙しの日々を書いてます。特にオフィスに関することには経理をやっているので書くこと多いかもです。,70.85.18.13,http://gekimuzu-saimu.xyz/,アメーバ,アメーバ [オフィス] 123-401 konkatsu-land.com
185,2,114,12,アメーバ [オフィス] 123 ⑤ kiss-marry.asia,,奮闘！OL女子.com,都内のオフィスでバリバリ働くかっこいい系（自称）OL女子のブログ。仕事で困っていることや対処法について書き綴っています,69.93.154.30,http://kiss-marry.asia/,アメーバ,アメーバ [オフィス] 123-401 konkatsu-land.com
184,2,1,1,アメーバ [医療] 202-A ⑫ seikei-kowakunai.xyz,,美容整形の全て,美人な友達が整形をしてから、整形中毒になってしまった話。とても恐ろしいのでこっそりまとめています。,65.75.131.188,http://seikei-kowakunai.xyz/,アメーバ,アメーバ
183,2,1,1,アメーバ [医療] 202-A ③ nikibi-location.co,,ニキビ改善サイト,ニキビが憎くて仕方がない…！どうしてもできてしまうニキビへの対処法とできないようにする食生活を試しています。,65.75.130.215,http://nikibi-location.co/,アメーバ,アメーバ
182,2,1,2,アメーバ [アダルト] 123 ① kurumakaitori-fan.xyz,,集まれ！風俗情報！,当サイトは綺麗になりたい女の子のためのビューティ総合サイトです。綺麗になりたい人、必見！,69.93.37.9,http://kurumakaitori-fan.xyz/,アメーバ,アメーバ
181,2,1,1,アメーバ [医療] 202-A ⑨ lasik-road.asia,,レーシックを使いこなすための手術,視力は戻らないけれど、回復させることができる！レーシックで手に入れた世界はとっても綺麗で感激です！！！,65.75.129.210,http://lasik-road.asia/,アメーバ,アメーバ
180,2,1,1,アメーバ [医療] 202-A ⑩ shiroi-ha-implant.info,,インプラントで若返った話,インプラントは金属を歯茎に埋め込むため、リスクが高いように思います。それでもインプラントにするととっても可愛くなるんですよ,65.75.128.221,http://shiroi-ha-implant.info/,アメーバ,アメーバ
179,2,1,1,アメーバ [医療] 202-A ④ haisha-club.xyz,,おすすめの歯医者さん,どんな歯医者さんが良い歯医者さんなのでしょうか…歯科衛生士の自分が決めている基準をここにかきます！,64.247.191.162,http://haisha-club.xyz/,アメーバ,アメーバ
178,2,1,1,アメーバ [医療] 202-A ⑥ mastsugeekusute-suki.info,,まつエクの重要性について,まつエクは眼を大きくみせるための必須アイテム！！黒目をでっかくしてくれて、とっても可愛いキュートな妖精さん！,64.247.190.150,http://mastsugeekusute-suki.info/,アメーバ,アメーバ
177,2,1,1,アメーバ [医療] 202-A ⑧ supplement-health.xyz,,健康美味しいサプリメント,サプリメントをとっていると体調がとっても良くなりますよね！！！おすすめのサプリメントをみてちょーだい！,64.247.189.170,http://supplement-health.xyz/,アメーバ,アメーバ
176,2,1,1,アメーバ [医療] 202-A ⑤ koutsuujiko-naosu.asia,,交通事故で動かない足を…,交通事故になってから足がうごかなってしまったけれど、整体にいくことでどんどん改善していったリハビリマスターのブログ,64.247.188.159,http://koutsuujiko-naosu.asia/,アメーバ,アメーバ
175,2,1,1,アメーバ [医療] 202-A ⑦ kotsubankyousei-slim.co,,背筋をよくするダイエット,"""美しくありたいけれど、生活をしていくうちにどんどんと体のバランスは崩れてしまう。",,,アメーバ,アメーバ
174,2,1,1,アメーバ [医療] 202-A ⑪ dekame-eye.co,,デカ目コンタクト通販,デカ目を作るためにデカ目コンタクト専用の通販サイトをたちあげようとしてて右往左往しています。。。,64.247.186.171,http://dekame-eye.co/,アメーバ,アメーバ
173,2,110,20,アメーバ [学校] 204-A ⑩ rakuchin-school.co,,エンジョイマネー！,どんな音よりもお金のちゃりちゃりする音には変えられません！素敵な音を聞きたいために今日も頑張ります！！！,65.75.152.176,http://rakuchin-school.co/,アメーバ,アメーバ [学校] 123-306 haken-street.com
172,2,110,20,アメーバ [学校] 204-A ⑦ tensyokuno-michi.xyz,,転職するために資格準備！,転職するために働きながら資格取得を目指しているしがないサラリーマンのはきだめです,65.75.151.173,http://tensyokuno-michi.xyz/,アメーバ,アメーバ [学校] 123-306 haken-street.com
171,2,110,20,アメーバ [学校] 204-A ⑪ koe-gakkou.xyz,,専門学校のステキな話,専門学校に通ってから、仲間が出来て一緒にゴールを目指した青春時代を忘れないように書き留めています。,65.75.150.172,http://koe-gakkou.xyz/,アメーバ,アメーバ [学校] 123-306 haken-street.com
170,2,110,20,アメーバ [学校] 204-A ⑥ english-communication.co,,グローバルなお仕事,昔から英語が好きだった私がグローバルなアルバイトに飛び込んでいく冒険譚,65.75.149.175,http://english-communication.co/,アメーバ,アメーバ [学校] 123-306 haken-street.com
169,2,1,20,アメーバ [学校] 204-A ⑭ pimple-juku.co,,塾帰りのひと時,毎日の塾通いの中で見つけた、楽しい勉強方法を書いていきます。,65.75.148.162,http://pimple-juku.co/,アメーバ,アメーバ
168,2,110,20,アメーバ [学校] 204-A ⑨ arbeit-time.info,,学生のお仕事,簡単な仕事なんてものはない…どんな仕事も難しい…でもやってみたら結構充実してしまう！不思議な縁をご堪能あれ！,65.75.147.168,http://arbeit-time.info/,アメーバ,アメーバ [学校] 123-306 haken-street.com
167,2,110,20,アメーバ [学校] 204-A ⑧ kashikokunaru.asia,,就職を少しでも楽にするために,世の中は実力主義、頭の良い大学に入るために奮起させるため書いていっています,65.75.146.162,http://kashikokunaru.asia/,アメーバ,アメーバ [学校] 123-306 haken-street.com
166,2,110,20,アメーバ [学校] 204-A ⑮ ibunka-eikaiwa.xyz,,大学生活に憧れて,大学生となって自由な時間となりましたが、退屈なので色々なことをしてみるブログ,65.75.145.173,http://ibunka-eikaiwa.xyz/,アメーバ,アメーバ [学校] 123-306 haken-street.com
165,2,110,20,アメーバ [学校] 204-A ⑫ recruit-works.asia,,バイト戦士のメモ帳,バイトリーダーとして日々、お店の回転率をあげているノウハウやその心意気を書いていくぜ！！,65.75.144.175,http://recruit-works.asia/,アメーバ,アメーバ [学校] 123-306 haken-street.com
164,2,110,20,アメーバ [学校] 204-A ⑬ haken-no-shigoto.info,,アルバイトネットワーク,お金に困らないようにアルバイトっしょ！でもなかなかいい仕事が見つからない…そんな貴方におすすめの情報を提供します,65.75.143.174,http://haken-no-shigoto.info/,アメーバ,アメーバ [学校] 123-306 haken-street.com
163,2,109,20,アメーバ [学校] 123 ① pretty-pets.info,,未来スクールライフ,今年に入って女子高生になった私の、未来スクールライフ日記。今日よりも明日がちょっぴりいい日になるように未来日記を書いています。,67.18.124.6,http://pretty-pets.info/,アメーバ,アメーバ [学校] 123-305 pet-field.com
162,2,108,20,アメーバ [学校] 123 ② ouchi-fudousan.co,,学校マニアコラム,人生で一番のっている学生たちを陰ながら応援するサイト。受験情報についてアップしていきます。,70.85.6.3,http://ouchi-fudousan.co/,アメーバ,アメーバ [学校] 123-304 fudousan-field.com
161,2,118,2,アメーバ [アダルト] 123 ② kinkaitori-bag.asia,,風俗で働く秘訣,やっぱり綺麗になるには風俗が必須！｜当サイトは綺麗になりたい女の子のためのビューティ総合サイトです。今回はについて詳しく書きました！！,69.93.196.9,http://kinkaitori-bag.asia/,アメーバ,アメーバ [アダルト] 123-1001 kinkaitori-place.com
160,2,107,20,アメーバ [学校] 123 ③ byebye-home.xyz,,タイトル,ディスクリプション,67.18.68.9,http://byebye-home.xyz/,アメーバ,アメーバ [学校] 123-303 hikkoshi-field.com
159,2,115,13,アメーバ [税理] 123 ⑥ kashioffice.asia,,詳しく税理士ネット,会計とか税理士とかよくわからない…でもこれってとても損していますよ！!税理士回りを勉強していると、いざというときに損することがないですよ！,69.56.185.7,http://kashioffice.asia/,アメーバ,アメーバ [オフィス] 123-501 rentaloffice-land.com
158,2,98,1,アメーバ [美容] 123 ② water-favorite.co,,美魔女の囁き,永遠の美しさを人生のテーマとして、日々美容に対して取り組んでいます。その時の効果や感想を書いていきます。,67.18.81.5,http://water-favorite.co/,アメーバ,アメーバ [美容] 123-105  waterserver-square.com
157,2,106,0,アメーバ [学校] 123 ④ ichigoichie.asia,,やっぱり勉強が好き！,いい大学に入りためには、質の良い勉強が必須です。私は幼い頃から学習することが大好きでしたが、その学習方法をメモ書きしています。,67.18.7.13,http://ichigoichie.asia/,アメーバ,アメーバ [学校] 123-302 deai-field.com
156,2,115,13,アメーバ [税理] 123 ⑤ karimonoservers.xyz,,会社設立で損しない！コラム,会社を設立することになったら、色々な手続きが必要になってきますね。そんなときあたふたしないためにも税理士について勉強をしておきましょう！,67.18.94.2,http://karimonoservers.xyz/,アメーバ,アメーバ [オフィス] 123-501 rentaloffice-land.com
155,2,105,0,アメーバ [学校] 123 ⑤ hossori-bijin.info,,浪人日記,いい大学に入りたい…それだけを糧に日々努力を重ねています。辛いことも沢山あるので、受験や勉強のストレスをここに吐き出しています。,67.18.70.5,http://hossori-bijin.info/,アメーバ,アメーバ [学校] 123-301 diet-field.com
154,2,115,13,アメーバ [税理] 123 ④ yasuraginosato.co,,お金稼ぎアンダーグラウンド,"""お金稼ぎは何も、お金をうみだすことだけじゃあない。作ったお金がでていくのを最小限に食い止めることだって可能です。そんな知られざる裏技をひっそり後悔しています…。",,,アメーバ,アメーバ [オフィス] 123-501 rentaloffice-land.com
153,2,115,13,アメーバ [税理] 123 ③ engagement-meeting.info,,大金持ちを目指して…,大金持ちになりたいのですが、そのためにはお金の流れをしらなければなりません。当サイトはお金が大好きな管理人のお金荒稼ぎメモがしるしてあります。,69.93.149.6,http://engagement-meeting.info/,アメーバ,アメーバ [オフィス] 123-501 rentaloffice-land.com
152,2,115,13,アメーバ [税理] 123 ② banban-copy.asia,,憧れの税理士.com,会社設立で一番に相談したいのが、設立の資金ですよね。会社設立はどの時代でも必ず行われているので、そういう食いっぱぐれない税理士の仕事が大好きです。税理士になるために勉強し,69.93.138.2,http://banban-copy.asia/,アメーバ,アメーバ [オフィス] 123-501 rentaloffice-land.com
151,2,115,13,アメーバ [税理] 123 ① yasashii-implant.xyz,,相続ノウハウ,父がなくなってから、数ヶ月…父がいなくなってしまった悲しみもさることながら家やお金の相続で揉め始めています。この複雑なシステムについてと相続疲れを癒やすための吐き出しブロ,70.85.130.27,http://yasashii-implant.xyz/,アメーバ,アメーバ [オフィス] 123-501 rentaloffice-land.com
150,4,3,32,J [-] 201-A ③ travelling-lover.xyz,,青春学校物語,学校の出来事とか書いてます。将来の夢に近づくべく金融のこと、不動産のこと…沢山の業界について研究しています。,64.247.185.156,http://travelling-lover.xyz/,J,J
149,4,3,32,J [-] 201-A ④ privacymark-club.asia,,現在の金融事情について,クレジットで覚えておくべきことを書いています。ブライダルとか生活する上で欠かせない裏情報とかもメモ書きしています。,64.247.184.163,http://privacymark-club.asia/,J,J
148,4,3,32,J [-] 201-A ② fudousan-land.co,,ファッション業界のあるある,ジャンル様々なごちゃまぜ日記です！ファッションとか大好きだけどほかにも学校のこととかはまっているリサイクルのこととかその時によって書くこと変わります,64.247.183.154,http://fudousan-land.co/,J,J
147,4,3,32,J [-] 201-A ⑩ biyouseikei-land.co,,結婚式の実情,華やかな結婚式に潜む裏事情についてコラムしております。新婚さんの好きな美容液とか知っておいて損はないクレジット情報などジャンルは様々！,64.247.182.172,http://biyouseikei-land.co/,J,J
146,4,3,32,J [-] 201-A ⑤ haken-job.info,,引っ越しするなら,引越しするのに必要な物とかをまとめました。不動産から始まって税理士・ファッションなんかもコラムにしています。,64.247.181.170,http://haken-job.info/,J,J
145,4,3,32,J [-] 201-A ⑥ viagra-mania.co,,オフィス用品マニアです,日々の愚痴とか書いてます。オフィス周りの赤裸々日記かもしれません。,64.247.180.144,http://viagra-mania.co/,J,J
144,4,3,32,J [-] 201-A ⑦ awa2bath.xyz,,子供に会いたい,色々な所を旅行していた旅行日記。美容とかオフィスとか、役立つ情報を発信していっています。,64.247.179.175,http://awa2bath.xyz/,J,J
143,4,3,32,J [-] 201-A ⑧ shiwa-byebye.asia,,税理士の裏側について,私のロマンが詰まった思い出日記サイト。税理士の事をよく調べていますが他にも美容系とか沢山記事あります。,64.247.178.169,http://shiwa-byebye.asia/,J,J
142,2,104,7,アメーバ [結婚] 123 ② offimove.xyz,,大好きなオシャレグッズ日誌,結婚式じゃなくても白いブーケやティアラ、カラコン…自分を着飾れるグッズが大好きでついつい集めちゃっています。そんなこんなの自己満足・自慢ブログ,67.18.127.5,http://offimove.xyz/,アメーバ,アメーバ [結婚] 123-205 officeiten-square.com
141,2,103,7,アメーバ [結婚] 123 ③ ihcooking.asia,,可愛いグッズ100選,最近では可愛いタオル・小物・アクセサリーがあって目移りすることが多いですよね。自分がどれを買おうか悩んじゃうので気になったものをレビューしてます。,67.18.140.5,http://ihcooking.asia/,アメーバ,アメーバ [結婚] 123-204 alldenka-square.com
140,2,102,7,アメーバ [結婚] 123 ④ idol-debut.info,,結婚相手が欲しい,当サイトは綺麗になりたい女の子のためのビューティ総合サイトです。今回はについて詳しく書きました！！,67.18.138.5,http://idol-debut.info/,アメーバ,アメーバ [結婚] 123-203 audition-square.com
139,2,101,7,アメーバ [結婚] 123 ⑤ smoothly-esthetic.co,,ずっとハネムーン旅行記,結婚してから早5年…新婚の気持ちは忘れずいつも旦那様と旅行に行きます。その旅行記をつらつら書いていきます。,67.18.80.5,http://smoothly-esthetic.co/,アメーバ,アメーバ [結婚] 123-202 esute-square.com
138,2,100,7,アメーバ [結婚] 123 ① hataraku-zeirishi.co,,40代後半女子の逆転結婚物語,40代後半女子…今まで独身だった私がついに結婚…!?今でも信じられない40代女子の結婚までの道のりを示した恋愛コラム,69.93.236.5,http://hataraku-zeirishi.co/,アメーバ,アメーバ [結婚] 123-201 zeiri-danomi.com
137,2,99,1,アメーバ [美容] 123 ① fickleness-search.info,,痩せたい女子が頑張る.com,体重が100kgあって「お前、そろそろ痩せろ！」と皆に警告されたので自分を戒めるためのダイエットブログです。,69.56.184.5,http://fickleness-search.info/,アメーバ,アメーバ [美容] 123-106 uwakityousa-square.com
136,2,97,1,アメーバ [美容] 123 ③ ending.xyz,,気になる化粧品はとりあえず使うサイト,しみ・しわが最近目立つので、色々な化粧品を使ってみようと思います。とりあえず綺麗になるために沢山奮闘しています！,69.93.66.5,http://ending.xyz/,アメーバ,アメーバ [美容] 123-104  soushiki-field.com
135,2,96,1,アメーバ [美容] 123 ④ field-taxman.asia,,シミ・しわに悩む40代女子の奮闘日記,昔はブイブイいわせていたのに、年をとる毎にしみやしわが増えてしまいました…。顔が明るくするためのあがきをしている４40女子（泣）の奮闘ブログです,69.56.212.5,http://field-taxman.asia/,アメーバ,アメーバ [美容] 123-103 zeirishi-field.com
134,2,95,1,アメーバ [美容] 123 ⑤ goodlife-insurance.info,,美を追求するコラムニスト日記,どこまでも、いつまでも美しさは追求していきたいですよね。そんな私のコラム日記です。,69.56.170.5,http://goodlife-insurance.info/,アメーバ,アメーバ [美容] 123-102 seimeihoken-field.com
133,4,3,32,J [-] 201-A ⑨ lamp-osyarehouse.info,,美容大好き！,総合日記です。思ったことを書いていっています。,64.247.176.173,http://lamp-osyarehouse.info/,J,J
132,4,120,32,J [-] 201-A ① study-school.info,,リサイクルでエコ社会！,気になることを好きなだけ書いています。,64.247.177.55,http://study-school.info/,J,J [-] 201A stydy-jukumorimori.com
131,4,3,32,オールドJ [-] extream ① carproduce-all.com,,車大好き-車日記,車や美容、税理系など色々なコラムぶっこんでます。,59.106.192.140,http://carproduce-all.com/,J,J
130,4,3,32,J [-] 1001-A ⑩ buildings-office.asia,,引越しのすすめ,"マンションとお酒と旅行があれば生きていける…
",159.174.136.9,http://buildings-office.asia/,J,J
129,4,3,32,J [-] 1001-A ⑨ shop-accessories.xyz,,オシャレ革命★,オシャレなことが大好きな私が着こなしとか色々書いています。お洒落だけじゃないですよ。知的なことも記事にしますよ。,159.174.132.68,http://shop-accessories.xyz/,J,J
128,6,92,32,IP200 [-] 207-A ② cashing-club.co,,ためになるコラムサイトを目指して…,ためになるコラムサイトです。雑学・恋愛・政治・ニュース…なんでも配信していきます。お気に入りしてね♪,65.75.182.49,http://cashing-club.co/,IP-200,IP200 [-] 207-A cashing-village.com
127,6,91,32,IP200 [-] 207-A ③ weddingdress-club.xyz,,自分の愚痴を書いてく日記,世の中は嫌なことばかりだ…こんな嫌なこと…自分に貯めこんでおきたくない…少しでもマイナスを吐き出すためのどよよんブログ…,65.75.181.56,http://weddingdress-club.xyz/,IP-200,IP200 [-] 207-A weddingdress-village.com
126,6,90,32,IP200 [-] 207-A ④ implant-club.asia,,女子高生の本音トーク,女子高生４人が恋愛・食べ物…何でも本気トークしています。もてたいそこの貴方はぜひ見るべし！,65.75.180.61,http://implant-club.asia/,IP-200,IP200 [-] 207-A implant-village.com
125,6,89,32,IP200 [-] 207-A ⑤ print-club.info,,ざつがく.com,雑学comは皆がしらない雑学を、まとめているサイトです。修学旅行などにご活用下さい,65.75.179.57,http://print-club.info/,IP-200,IP200 [-] 207-A insatsu-village.com?
124,6,88,32,IP200 [-] 207-A ⑥ hanko-club.co,,自己満足なんでも日記,親友の結婚式｜自己満足に何でも書いています。不定期更新なので、潜っていることも多いかと思えば毎日更新したり頻度は超絶不安定。,65.75.178.57,http://hanko-club.co/,IP-200,IP200 [-] 207-A inkan-village.com?
123,6,87,32,IP200 [-] 207-A ⑦ antiageing-club.xyz,,自分の軌跡日記,自分の生きてきた、履歴をのこしたくて日々の出来事を此処に書いています…。少しでも思い出になっておじいちゃん・おばあちゃんになったときに笑えるようになったらいいな。,65.75.177.47,http://antiageing-club.xyz/,IP-200,IP200 [-] 207-A antiageing-village.com?
122,6,86,32,IP200 [-] 207-A ⑧ biyouclub.asia,,大学生活黙示録,大学生になったしリア充生活かとおもいきやそんなこともなかったので、活発に動こうと奮起するために綴るブログです。,65.75.176.62,http://biyouclub.asia/,IP-200,IP200 [-] 207-A arbeit-village.com
121,6,85,32,IP200 [-] 207-A ① fashoin-love.co,,強さを求めるブログ,サンドバッグをばしばしするブログ。日々感じたことを書いていきたい。,65.75.175.169,http://fashoin-love.co/,IP-200,IP200 [-] 207-A apparel-store.info
120,6,93,32,IP200 [-] 207-A ⑨ fx-de-enjoy.info,,お金儲け主義,fxで稼ごうと思っていたら、逆に搾取されていたでござるの巻。ここからお金貯金の生活が始まる…！,65.75.174.159,http://fx-de-enjoy.info/,IP-200,IP200 [-] 207-A fxfx-village.com
119,6,78,32,IP200 [-] 207-A ⑩ juku-house.co,,色々なことが大好きな女子ブログ,好奇心が旺盛すぎて、とりあえず感情のまま突っ走っている女子ブログ。皆！着いて来てくれよな！,65.75.173.167,http://juku-house.co/,IP-200,IP200 [-] 207-A juku-village.com
118,4,3,32,J [-] 1001-A ⑧ go-restaurant.co,,食べ歩きBLOG♪,美味しいご飯とか、便利なグッズとかそういうの中心にしつつ楽しいことがあれば綴っていくノージャンルブログです(^^),159.174.134.126,http://go-restaurant.co/,J,J
117,4,3,32,J [-] 1001-A ⑦ happymarridge.info,,婚活日記,結婚生活を夢見て日々努力するサイトです。,159.174.133.201,http://happymarridge.info/,J,J
116,4,3,32,J [-] 1001-A ⑥ mudage-bye.asia,,＜脱毛・レーザのロマン＞,脱毛が怖い人以外にも面白いコラムをのせています！,159.174.131.174,http://mudage-bye.asia/,J,J
115,4,3,32,J [-] 1001-A ⑤ hotel-tantei.xyz,,綺麗なホテル愛好家ブログ,ホテル好きのジャンルを問わないごちゃまぜブログサイト,159.174.130.50,http://hotel-tantei.xyz/,J,J
114,6,84,32,IP200 [-] 201-B ⑤ dentalclub.xyz,,レーザの神秘ナビ,今の時代は光の時代。手術もレーザーが主流な今の世の中でレーザについて考えるサイト,64.247.185.156,http://dentalclub.xyz/,IP-200,IP200 [-] 201-B lasik-world.com
113,6,83,32,IP200 [-] 201-B　⑥ recycle-mania.asia,,リサイクル日記,唐突に部屋の衣替えをしたくなった私は、リサイクル業者へと就職を決意した。そんなドタバタハチャメチャな私のストーリー。,64.247.184.163,http://recycle-mania.asia/,IP-200,IP200 [-] 201-B recycle-world.com
112,6,82,32,IP200 [-] 201-B ① sports-uniform-love.xyz,,もりもりスポーツ旅日記,万年スポーツの秋のスポーツ馬鹿が書いているコラム。スポーツで使えそうな技やネタを日々編み出してます。,64.247.183.154,http://sports-uniform-love.xyz/,IP-200,IP200 [-] 201-B sports-uniform-mania.com
111,6,81,32,IP200 [-] 201-B ② highclass-mansion.asia,,マンション・一軒家について,マンションを持っていれば簡単に経営できるなんてふざけたこと思っている奴に現実を知らしめるためのブログ。,64.247.182.172,http://highclass-mansion.asia/,IP-200,IP200 [-] 201-B highttower-mansion.com
110,6,80,32,IP200 [-] 201-B ⑦ honyaku-club.info,,翻訳勉強ナビ,頑張って英語の勉強をして翻訳家を目指しています。でも英語漬けの日々なんて嫌~＞＜せめてここだけは日本語で書いてますｗ,64.247.181.170,http://honyaku-club.info/,IP-200,IP200 [-] 201-B honyaku-world.com
109,6,79,32,IP200 [-] 201-B ⑧ camera-pasya2.co,,防犯大好きなサイト,リスク回避は自己責任の世の中でいかに自分を守っていくか考えるサイト,64.247.180.144,http://camera-pasya2.co/,IP-200,IP200 [-] 201-B bouhancamera-world.com
108,6,77,32,IP200 [-] 201-B ⑨ school-club.xyz,,ボイトレとか日常について,ボイストレーニングにかよっている１８際高校生♀。声優目指して頑張っているけど困難も多い１日を綴ってます。,64.247.179.175,http://school-club.xyz/,IP-200,IP200 [-] 201-B voicetraining-world.com
107,6,76,32,IP200 [-] 201-B ⑩ saiban-qa.asia,,弁護士について勉強するサイト,弁護士になりたくて…でも一人暮らししながらの試験がつらたん…勉強したことも豆知識もすべてここにまとめてます,64.247.178.169,http://saiban-qa.asia/,IP-200,IP200 [-] 201-B bengoshi-world.com
106,6,74,32,IP200 [-] 201-B ③ brand-bagkaitori.info,,ブランド買取ーず,ブランドも洋服も何もかもだーいすき！日々お得だと感じたとむふふなことを書いてます。,64.247.177.55,http://brand-bagkaitori.info/,IP-200,IP200 [-] 201-B brand-kaitories.com
105,5,73,32,IP100 [-] 101-A ② giftgift-prezent.co,,思い出教科書本,受験生の勉強まとめサイトです。１日の学んだことを此処にアウトプットして日々、頑張ってます。,129.121.40.18,http://giftgift-prezent.co/,IP-100,IP100 [-] 101-A giftgift-prezent.co
104,5,72,32,IP100 [-] 101-A ③ sports-land.xyz,,旅行日誌帳,一人旅から集団旅行まで…南から北まで旅行大好きな私が書いている総合ブログサイト。現地のニュースとかも勉強中です！,129.121.39.13,http://sports-land.xyz/,IP-100,IP100 [-] 101-A sports-land.xyz
103,5,71,32,IP100 [-] 101-A ⑩ kurumano-anzen.co,,お得な情報提供サイト,良いサービスだけど気が付かれない…そんな世の中に憤りを感じて、情報サイトを作りました。頑張って発信していき少しでも架け橋になれればいいです。,129.121.38.16,http://kurumano-anzen.co/,IP-100,IP100 [-] 101-A shaken-teritory.com?
102,5,70,32,IP100 [-] 101-A ④ supplement-info.asia,,好きなことをまとめたサイト,最近の気になるニュースをひたすらまとめているサイトです。ジャンルは幅広く、浅く。,129.121.37.253,http://supplement-info.asia/,IP-100,IP100 [-] 101-A supplement-info.asia
101,5,69,32,IP100 [-] 101-A ① datsumou-house.info,,ただのメモサイト,京都ならインプラントが良いらしい｜いいアイデアをここに書いていく。アイデアを参考にしてもいいけどパクるのは厳禁×,129.121.36.45,http://datsumou-house.info/,IP-100,IP100 [-] 101-A datsumou-house.info
100,5,68,32,IP100 [-] 101-A ⑤ ticket-land.info,,思い出日記帳,周囲を見てみると皆、日々の記録をしているので書いてみました。ランダム更新です。,129.121.35.14,http://ticket-land.info/,IP-100,IP100 [-] 101-A ticket-land.info
99,5,67,32,IP100 [-] 101-A ⑥ dietdiet-house.co,,ちょっとしたメモ書き,アイデアが湧いたらここにメモ。忘れそうになる前に書いていきます。,129.121.34.16,http://dietdiet-house.co/,IP-100,IP100 [-] 101-A dietdiet-house.co
98,5,66,32,IP100 [-] 101-A ⑦ japantravel.xyz,,思い出綴りの絵本,思い出が色褪せないように此処に記録してます。いつまでも色鮮やかな思い出でありますように・・・,129.121.33.19,http://japantravel.xyz/,IP-100,IP100 [-] 101-A kokunairyokou-teritory.com
97,5,65,32,IP100 [-] 101-A ⑧ ofice-job.asia,,きいの秘密日記！,皆のアイドルきいの秘密の日記帳です。ポエムからご飯のこと、はたまた難しい話までなんでもしちゃいます！,129.121.32.11,http://ofice-job.asia/,IP-100,IP100 [-] 101-A callcenter-teritory.com
96,4,3,32,J [-] 1001-A ④ renthouse-and-house.co,,お部屋選びや不動産のまとめサイト ,不動産だけじゃなくてホテルのこととか引越しのノウハウとかコラムってます！,159.174.129.137,http://renthouse-and-house.co/,J,J
95,4,122,2,アメJ [アダルト] 303-A ⑥ shoumei-lamp.asia,,大人の階段,大人の階段を登るべく、ありとあらゆる手段と方法で風俗に通っている中学生のブログです,129.121.220.29,http://shoumei-lamp.asia/,J,アメJ [アダルト] 303A omiai-street.net
94,4,122,11,アメJ [アダルト] 303-A ② uranai-pink.asia,,神秘の本格占い大辞典,貧乏から脱出するために培った占いで色々な人に会いました。そのご縁を忘れないように書いています。,129.121.219.35,http://uranai-pink.asia/,J,アメJ [アダルト] 303A omiai-street.net
93,4,122,2,アメJ [アダルト] 303-A ⑩ auction-money.asia,,アイドルを目指し,ずっとアイドルになりたくて、今年で27歳になってしまった乙女のブログです。,129.121.218.26,http://auction-money.asia/,J,アメJ [アダルト] 303A omiai-street.net
92,4,122,11,アメJ [アダルト] 303-A ④ drug-blue.co,,青い薬で若さ取戻し！,風邪もたちまち治してしまうという薬を探して、いろいろとメモしている調合日記です,129.121.217.34,http://drug-blue.co/,J,アメJ [アダルト] 303A omiai-street.net
91,4,122,11,アメJ[アダルト] 303-A ⑨ keiba-win.xyz,,賭け事博打ネット,ちょっと裏の世界に入れば、賭け事と博打ばかりの世の中、どれだけ俺はうまくなったことを見下してやる。,129.121.216.38,http://keiba-win.xyz/,J,アメJ [アダルト] 303A omiai-street.net
90,4,3,32,J [-] 1001-A ③ traveling-sea.info,,旅行日記！,旅行と税理士とその他ごちゃまぜなコラム,159.174.129.137,http://traveling-sea.info/,J,J
89,4,122,11,アメJ [アダルト] 303-A ① tantei-club.xyz,,プロの探偵秘密の追跡,プロの探偵は普段どんなところに気を使っているのでしょうか、その真相を追求していく…！,129.121.215.33,http://tantei-club.xyz/,J,アメJ [アダルト] 303A omiai-street.net
88,4,122,2,アメJ [アダルト] 303-A ⑤ deai-red.xyz,,ホットな出会い,最近同じ出来事の繰り返し…そんな平坦な日常もいいけどたまには火遊びしたいよね！,129.121.214.25,http://deai-red.xyz/,J,アメJ [アダルト] 303A omiai-street.net
87,4,122,2,アメJ [アダルト] 303-A ⑧ tyousa-omakase.co,,お昼休みの浮気,人生は一度キリだからちょっとブラックなことをしてもいい…浮気独特の危険な刺激に翻弄されつつその毒沼から逃げられない４０代主婦の出来事。,129.121.213.41,http://tyousa-omakase.co/,J,アメJ [アダルト] 303A omiai-street.net
86,4,122,11,アメJ [アダルト] 303-A ③ audition-fight.info,,プロのアイドルを目指して,センターにたってキラキラしているアイドルに憧れてオーディションの必勝法をメモしています,129.121.212.28,http://audition-fight.info/,J,アメJ [アダルト] 303A omiai-street.net
85,4,122,2,アメJ [アダルト] 303-A ⑦ omiai-pink.info,,出会い道,常に出会いに飢えている寂しい人間の吐き出し所です。色々な人に出会って変わったことをつれずれ…,129.121.211.31,http://omiai-pink.info/,J,アメJ [アダルト] 303A omiai-street.net
84,3,123,21,アメJ [エコ／リサイクル] 205-A ⑩ tsuuhan-location.net,,エコ通販,なうでヤングで手作りな商品を展示しているサイト。ほんわかする商品や思わぬエコ作品を見て下さい！,65.75.162.171,http://tsuuhan-location.net/,アメJ,[エコ] 205 A golfkaiinken-way.net
83,3,123,21,アメJ [エコ／リサイクル] 205-A ⑨ inkan-road.net,,どんなときでもエコ活用,大掃除をしたときに、いらなくなった物、そのまま捨てていませんか？捨てる前に再利用できないかどうか見てみましょう！,65.75.161.179,http://inkan-road.net/,アメJ,[エコ] 205 A golfkaiinken-way.net
82,3,123,21,アメJ [エコ／リサイクル] 205-A ⑧ insatsu-road.net,,紙エコ上手,オフィスでカラーコピーを使うのはご用心！無駄のないように紙を利用する方法必見！,65.75.160.174,http://insatsu-road.net/,アメJ,[エコ] 205 A golfkaiinken-way.net
81,3,123,21,アメJ [エコ／リサイクル] 205-A ⑦ floorcoating-road.com,,掃除磨き大好き,私は巷の掃除のおばさん。雑務全般が得意で、エコのことからオフィスのことまで何から何まで万能なんです！,65.75.159.176,http://floorcoating-road.com/,アメJ,[エコ] 205 A golfkaiinken-way.net
80,3,123,21,アメJ [エコ／リサイクル] 205-A ⑥ soushiki-garden.net,,相続とエコ,身内が亡くなって、悲しんだのも束の間…考えたら身内の物がを捨てるのがもったいないのばかり！こういう時はどうしてあげればエコなの,65.75.158.181,http://soushiki-garden.net/,アメJ,[エコ] 205 A golfkaiinken-way.net
79,3,123,21,アメJ [エコ／リサイクル] 205-A ⑤ chuukosha-location.net,,中古商品の魅力,中古商品は魅力的だ…ジャンクな雰囲気、当たりかハズレをひいたかもしれないスリル…ここでは中古商品の戦績を書いていきます。,65.75.157.173,http://chuukosha-location.net/,アメJ,[エコ] 205 A golfkaiinken-way.net
78,3,123,21,アメJ [エコ／リサイクル] 205-A ④ brand-fanfan.info,,買取まるとく,買取った分だけお得になる。買取術のノウハウを書いていきます。,65.75.156.166,http://brand-fanfan.info/,アメJ,[エコ] 205 A golfkaiinken-way.net
77,3,123,21,アメJ [エコ／リサイクル] 205-A ③ kurumakaitori-location.com,,買取サイトリスペクト,洋服やブランド物は普通に買うと高価になりがちです。そこで子持ちの主婦である私の登場！安くてオシャレを追求しているママさんブログ。,65.75.155.168,http://kurumakaitori-location.com/,アメJ,[エコ] 205 A golfkaiinken-way.net
76,3,123,21,アメJ [エコ／リサイクル] 205-A ② recycle-road.com,,リサイクルの道,リサイクルについて熱く語っている。物が溢れるこの時代…少しでも無駄をなくしていかなければ地球は汚れていってしまう。そんな事は俺がさせねぇ！,65.75.154.167,http://recycle-road.com/,アメJ,[エコ] 205 A golfkaiinken-way.net
75,3,123,21,アメJ [エコ／リサイクル] 205-A ① golfkaiinken-way.net,,リサイクルの醍醐味,貧乏生活を経験してから、出来る限り貯金したりリサイクルしたり…雑草のような根っこで生きている人の日記,65.75.153.168,http://golfkaiinken-way.net/,アメJ,[エコ] 205 A golfkaiinken-way.net
74,4,3,32,J [-] 1001-A ② zeirishi-naritai.asia,,▼税理士中心ごった煮ブログ,税理士および美容とか旅行とか色々なことについてコラムを書いていっています。,159.174.128.2,http://zeirishi-naritai.asia/,J,J
73,4,124,23,アメJ [不動産] 304-A ② originaltshirt-fan.asia,,オリジナルティある生活,,129.121.230.36,http://originaltshirt-fan.asia/,J,アメJ [不動産] 304A looooon.com
72,4,124,23,アメJ [不動産] 304-A ⑧ callcenter-home.co,,コールセンターへの道,,129.121.229.29,http://callcenter-home.co/,J,アメJ [不動産] 304A looooon.com
71,4,124,23,アメJ [不動産] 304-A ⑨ bouhancamera-ooo.xyz,,建物に防犯は必須,,129.121.228.6,http://bouhancamera-ooo.xyz/,J,アメJ [不動産] 304A looooon.com
70,4,124,23,アメJ [不動産] 304-A ⑥ uniform-fan.asia,,どんな時でも熱い血たぎらせ,,129.121.227.39,http://uniform-fan.asia/,J,アメJ [不動産] 304A looooon.com
69,4,124,23,アメJ [不動産] 304-A ⑤ officeiten-fan.xyz,,オフィスの建物事情,,129.121.226.34,http://officeiten-fan.xyz/,J,アメJ [不動産] 304A looooon.com
68,4,124,23,アメJ [不動産] 304-A ⑩ alldenka-house.asia,,オール電化の時代に,,129.121.225.25,http://alldenka-house.asia/,J,アメJ [不動産] 304A looooon.com
67,4,124,23,アメJ [不動産] 304-A ④ wood-furniture.co,,道すがら日記,,129.121.224.35,http://wood-furniture.co/,J,アメJ [不動産] 304A looooon.com
66,4,124,23,アメJ [不動産] 304-A ③ kagu-club.info,,オシャレな生活を目指して,,129.121.223.5,http://kagu-club.info/,J,アメJ [不動産] 304A looooon.com
65,4,124,23,アメJ [不動産] 304-A ⑦ seimeihoken-fan.info,,ライフ生活を充実化,,129.121.222.32,http://seimeihoken-fan.info/,J,アメJ [不動産] 304A looooon.com
64,4,124,23,アメJ [不動産] 304-A ① fudousansan.xyz,,気になるローン,生活する上で必要なのはお金…特に家やオフィスをレンタルするときは担保やローンに戸惑うのではないでしょうか？そんな悩みをこのサイトで一発解決！,129.121.221.37,http://fudousansan.xyz/,J,アメJ [不動産] 304A looooon.com
63,3,125,22,アメJ [旅行] 106-A ⑧ shaken-club.asia,,車DE遠出！,旅行先は飛行機でも船でも電車でもなく車で！どこまでも遠く相方の車と知っていく旅ブログ。,129.121.119.33,http://shaken-club.asia/,アメJ,アメJ [旅行] 106A kaigai-travel-world.com
62,3,125,22,アメJ [旅行] 106-A ⑨ mansion-live.info,,マンション賃貸ルーム,賃貸のマンションルームにすみたいけれど、階層が上にいくごとく値段が倍増してマンションルームの仕組みについてかいています。,129.121.118.35,http://mansion-live.info/,アメJ,アメJ [旅行] 106A kaigai-travel-world.com
61,3,39,12,アメJ [オフィス] 901-A ⑩ home-kariyou.com,,家で会社設立,最近は気軽に会社を設立できるようになりました。実家で会社を設立してみた35際崖っぷちの分rp具,159.174.11.186,http://home-kariyou.com/,アメJ,アメJ [オフィス] 901-A http://www.cms-garden.net/
60,3,125,22,アメJ [旅行] 106-A ① kaigairyokou-suki.info,,脱毛の事情,脱毛の事情|あまりにも引っ越ししすぎて、もはや引っ越しのプロとも言える私のオススメ立地情報から引越し業者のことまでまとめてます。,129.121.117.36,http://kaigairyokou-suki.info/,アメJ,アメJ [旅行] 106A kaigai-travel-world.com
59,3,39,12,アメJ [オフィス] 901-A ⑨ gapogapo-tanpoloan.com,,がぽがぽ担保ローン,担保ローンをうまく使えば、家も購入できて担保も安く済んで、幸せ一杯なんですよ。,159.174.10.33,http://gapogapo-tanpoloan.com/,アメJ,アメJ [オフィス] 901-A http://www.cms-garden.net/
58,3,39,12,アメJ [オフィス] 901-A ⑧ copernicus-tower.com,,マンションタワーの一室で,今までめちゃくちゃ憧れていた、マンションタワーの一室に住むことができるようになった、しがないリーマンの話,159.174.9.140,http://copernicus-tower.com/,アメJ,アメJ [オフィス] 901-A http://www.cms-garden.net/
57,3,125,22,アメJ [旅行] 106-A ⑥ esute-mania.co,,癒しのエステ,癒やしを求めて旅先でエステを行ないますが、そのオススメ情報を記載いたします。,129.121.116.253,http://esute-mania.co/,アメJ,アメJ [旅行] 106A kaigai-travel-world.com
56,3,39,12,アメJ [オフィス] 901-A ⑦ chintai-estate.com,,不動産の醍醐味,賃貸からレンタルまで…不動産を借りる際の醍醐味なんかを語ります,159.174.8.18,http://chintai-estate.com/,アメJ,アメJ [オフィス] 901-A http://www.cms-garden.net/
55,3,39,12,アメJ [オフィス] 901-A ⑥ bengoshi-road.com,,設立時の注意点,会社設立時の注意点、オフィスでおすすめの商品をとくとご覧あれ。,159.174.7.231,http://bengoshi-road.com/,アメJ,アメJ [オフィス] 901-A http://www.cms-garden.net/
54,3,125,22,アメJ [旅行] 106-A ④ chintai-bighouse.asia,,賃貸スポット,不動産の家は値段も立地もピンきりですが、値段も立地の反対側で光が炊いているね」。,129.121.115.38,http://chintai-bighouse.asia/,アメJ,アメJ [旅行] 106A kaigai-travel-world.com
53,3,39,12,アメJ [オフィス] 901-A ⑤ privacymark-way.com?,,プライバシーネット,ネットが普及している今！注目するのはプライバシーだと思います。特に会社のプライバシーや税理回りを書いていきたいです。,159.174.6.107,http://privacymark-way.com/,アメJ,アメJ [オフィス] 901-A http://www.cms-garden.net/
52,3,125,22,アメJ [旅行] 106-A ⑤ fudousantanpoloan-fan.info,,不動産担保の賢い利用,家を購入する際は、不動産担保ローンを利用して格安で買わな。,129.121.114.32,http://fudousantanpoloan-fan.info/,アメJ,アメJ [旅行] 106A kaigai-travel-world.com
51,3,39,12,アメJ [オフィス] 901-A ④ kawase-way.net,,会社設立に必要なこと,会社設立からオフィスの大切な商品について語ってます,159.174.4.94,http://kawase-way.net/,アメJ,アメJ [オフィス] 901-A http://www.cms-garden.net/
50,3,125,22,アメJ [旅行] 106-A ③ kaigairyokou-gogo.xyz,,海外トラベラーズ,海外をひたすら練り歩いて、ドキュメント番組を作りたいちょっとんミーハーな女子大生のブログ。,129.121.113.37,http://kaigairyokou-gogo.xyz/,アメJ,アメJ [旅行] 106A kaigai-travel-world.com
49,3,39,12,アメJ [オフィス] 901-A ③ waterserver-green.xyz,,生命の神秘は最高の物語,お水は生きていく上で必須の成分です。水辺から生まれた私たちを支える、お水とはいったいどんなものでしょうか?,159.174.3.179,http://waterserver-green.xyz/,アメJ,アメJ [オフィス] 901-A http://www.cms-garden.net/
48,3,125,22,アメJ [旅行] 106-A ⑦ kokunairyokou-gogo.xyz,,国内旅行注意報,国内旅行ならではの注意点や楽しかった出来事をつらつらとまとめています。,129.121.112.38,http://kokunairyokou-gogo.xyz/,アメJ,アメJ [旅行] 106A kaigai-travel-world.com
47,3,39,12,アメJ [オフィス] 901-A ② denwadaikou-location.net,,電話応対のロマン,1日、ひたすら電話応対しているアポインターの暇つぶしブログです。,159.174.2.42,http://denwadaikou-location.net/,アメJ,アメJ [オフィス] 901-A http://www.cms-garden.net/
46,3,125,22,アメJ [旅行] 106-A ⑩ global-eikaiwa.co,,翻訳家の道,海外の翻訳家を目指して日々勉強したことを綴っていくノートです。,129.121.111.15,http://global-eikaiwa.co/,アメJ,アメJ [旅行] 106A kaigai-travel-world.com
45,3,125,22,アメJ [旅行] 106-A ② kaigai-travel-gogo.co,,世界をトラベル,世界中を旅して歩いた時の目次録。ジャングルからNYの町並みまで様々なところを踏み歩いています。,129.121.110.239,http://kaigai-travel-gogo.co/,アメJ,アメJ [旅行] 106A kaigai-travel-world.com
44,3,39,12,アメJ [オフィス] 901-A ① money-fan.co,,オフィスワークの基本,意外に見落としがちなオフィスアイテムの使い方について書いて言っています。出来る社会人はこうしてます！必見！,159.174.5.210,http://money-fan.co/,アメJ,アメJ [オフィス] 901-A http://www.cms-garden.net/
43,4,126,18,アメJ [金融] 102-A ② about-creditcardgenkinka.info,,クレジットカードで稼ぐ,クレジットのポイント還元を利用したお金の稼ぎ方とその生活術について記載しております。,129.121.50.254,http://about-creditcardgenkinka.info/,J,アメJ [金融] 102A kabarai-stage.com
42,3,28,7,アメJ [結婚] 302-A ⑩ novelty-way.com,,グッズ販売大好きサイト,,129.121.210.8,http://novelty-way.com/,アメJ,アメJ【結婚】-302-A-http://kekkonyubiwa-location.com
41,3,28,7,アメJ [結婚] 302-A ⑨ hotel-road.net,,結婚式場探しコム,,129.121.209.42,http://hotel-road.net/,アメJ,アメJ【結婚】-302-A-http://kekkonyubiwa-location.com
40,3,28,7,アメJ [結婚] 302-A ⑧ kagu-stage.com,,オシャレ家具ネット,,129.121.208.10,http://kagu-stage.com/,アメJ,アメJ【結婚】-302-A-http://kekkonyubiwa-location.com
39,3,28,7,アメJ [結婚] 302-A ⑦ thanks-gift.xyz,,プレゼント選びのプロ,,129.121.207.35,http://thanks-gift.xyz/,アメJ,アメJ【結婚】-302-A-http://kekkonyubiwa-location.com
38,3,28,7,アメJ [結婚] 302-A ⑥ bag-location.com,,オシャレドレス.com,,129.121.206.37,http://bag-location.com/,アメJ,アメJ【結婚】-302-A-http://kekkonyubiwa-location.com
37,3,28,7,アメJ [結婚] 302-A ⑤ weddingdress-road.net,,憧れのドレスレンタル.com,,129.121.205.33,http://weddingdress-road.net/,アメJ,アメJ【結婚】-302-A-http://kekkonyubiwa-location.com
36,3,28,7,アメJ [結婚] 302-A ④ dress-location.net,,豪華絢爛ドレス,,129.121.204.41,http://dress-location.net/,アメJ,アメJ【結婚】-302-A-http://kekkonyubiwa-location.com
35,4,126,18,アメJ [金融] 102-A ⑥ gold-cashing.info,,クレジットカード現金化専科,クレジットカード現金化のノウハウとミスらない選択を究極伝授！,129.121.49.254,http://gold-cashing.info/,J,アメJ [金融] 102A kabarai-stage.com
34,3,28,7,アメJ [結婚] 302-A ③ kekkonshiki-location.com/,,結婚式の段取り,,129.121.203.35,http://kekkonshiki-location.com/,アメJ,アメJ【結婚】-302-A-http://kekkonyubiwa-location.com
33,4,126,18,アメJ [金融] 102-A ④ fx-go-money.xyz,,FXの簡単な稼ぎ方！,ちょっと難しそうなFXの基本を様々な視点からわかりやすく解説しています。,129.121.48.50,http://fx-go-money.xyz/,J,アメJ [金融] 102A kabarai-stage.com
32,3,29,7,アメJ [結婚] 302-A ② kekkonsoudan-club.co,,結婚に追い詰められた40代,,129.121.202.29,http://kekkonsoudan-club.co/,アメJ,アメJ【結婚】-302-A-http://kekkonsoudanjo-location.com
31,4,126,18,アメJ [金融] 102-A ③ kinkaitori-coco.co,,お金が親友,お金が大好きすぎて、貯まりに貯まった貯金を見てはニヤニヤしています。金融の話題が大好き！,129.121.47.57,http://kinkaitori-coco.co/,J,アメJ [金融] 102A kabarai-stage.com
30,3,28,7,アメJ [結婚] 302-A ① kekkonyubiwa-location.com,,大切な結婚指輪,10年越しの片思いの後に、ようやく告白。ハッピーな幸せ生活を経てなんと結婚指輪までもらえちゃった私のハピネスブログ,129.121.201.37,http://kekkonyubiwa-location.com/,アメJ,アメJ【結婚】-302-A-http://kekkonyubiwa-location.com
29,4,126,18,アメJ [金融] 102-A ⑤ sweet-fragrance.asia,,お小遣い稼ぎネット,どうしてもお金稼ぎをしたくて、金融業界を調べてみた大学生の暇つぶしサイト,129.121.46.53,http://sweet-fragrance.asia/,J,アメJ [金融] 102A kabarai-stage.com
28,4,126,18,アメJ [金融] 102-A ① company-red.asia,,会社設立する上で,会社設立を楽にする方法から、設立後の会社の経営方法を説いています。,129.121.45.254,http://company-red.asia/,J,アメJ [金融] 102A kabarai-stage.com
27,4,126,18,アメJ [金融] 102-A ⑩ kaikeishi-study.info,,税理士のその暮らし,税理士に興味を持った友達が司法書士試験にノー勉強で挑んでいく破天荒な行動をチェックしてます,129.121.44.251,http://kaikeishi-study.info/,J,アメJ [金融] 102A kabarai-stage.com
26,4,126,18,アメJ [金融] 102-A ⑦ kawase-white.co,,FXなんてお手の物,FXで10万円から１千万円にゼロを増やした元サラリーマンの黙示録。,129.121.43.252,http://kawase-white.co/,J,アメJ [金融] 102A kabarai-stage.com
25,4,126,18,アメJ [金融] 102-A ⑧ silver-kabu.xyz,,会社設立で大切なこと,そろそろ起業してみたいと思っている学生が金融について切る！,129.121.42.53,http://silver-kabu.xyz/,J,アメJ [金融] 102A kabarai-stage.com
24,4,126,18,アメJ [金融] 102-A ⑨ kabaraihouse.asia,,金融なぜなに辞典,税理士を目指している大学生が金融業界の現状・実情についてあることないこと書いていくスレ。,129.121.41.55,http://kabaraihouse.asia/,J,アメJ [金融] 102A kabarai-stage.com
23,3,23,25,アメJ [生活] 301-A ⑩ bern-madame.com,,お洒落カフェとお洒落女子！,お洒落なカフェにはお洒落な女子がよく似合う！そんな女の子を目指して日々努力しています♪,129.121.200.32,http://bern-madame.com/,アメJ,アメJ-bern-madame.com
22,3,22,25,アメJ [生活] 301-A ⑨ kaikeishi-house.info,,女子でも会計士,計算は苦手だけど、会計士の仕事に憧れて頑張っている会計士のたまごのブログです。,129.121.199.40,http://kaikeishi-house.info/,アメJ,アメJ-kaikeishi-street.com
21,3,21,25,アメJ [生活] 301-A ⑧ company-club.asia,,働くＯＬは美しい,女の子だって頑張っています！会社を設立しようとしている女の子のために、女の子だからこそできる会社設立方を書いていきます！,129.121.198.31,http://company-club.asia/,アメJ,アメJ-kaishasetsuritsu-street.com
20,3,20,25,アメJ [生活] 301-A ⑦ kabarai-street.com,,しっかり簿記メモ,人生は苦労しないほうがいいに決まっている…お金の流れをしりそれをうまく運用していこうと奮闘中です。,129.121.197.43,http://kabarai-street.com/,アメJ,アメJ-kabarai-street.com
19,3,19,25,アメJ [生活] 301-A ⑥ kabu-dondon.co,,株儲け主義！,いまどき会社に勤めて稼ぐなんて流行りません、本当のプロなら株だけで一家を支えてほしいですね。,kabu-dondon.co,http://kabu-dondon.co/,アメJ,アメJ-kabu-street.com
18,3,18,25,アメJ [生活] 301-A ⑤ kawaimedress.com,,かわいめドレスナビ,可愛いドレスを世界中から集めてきて公開しています。完璧な趣味です。,129.121.195.42,http://kawaimedress.com/,アメJ,アメJ-kawaimedress.com
17,3,17,25,アメJ [生活] 301-A ④ lovery-color-contact.info,,ラブリーピリ辛コンタクト,今時ラブリーなだけのカラコンなんて流行りません。ラブリーかつ色気のあるクールなカラコンがほしい人、いませんか？,129.121.194.34,http://lovery-color-contact.info/,アメJ,アメJ-bigeyes-contact.com
16,3,16,25,アメJ [生活] 301-A ③ yasetaijosei.asia,,憧れほっそり美人,女優さんのほとんどは、綺麗かつ肉付きが良いです。そんな姿に憧れた30代女子ががんばってダイエットする話。,129.121.193.47,http://yasetaijosei.asia/,アメJ,アメJ-hossori-diettter.com
15,3,15,25,アメJ [生活] 301-A ② royaljelly-biyou.xyz,,セレブリティ生活,ふわふわなベッドと柔らかいクッションに身を沈めて、眠りにつく生活を一回はしてみたいですね。それを貧乏verで実行していきます　,129.121.192.36,http://royaljelly-biyou.xyz/,アメJ,アメJ-royaljelly-location.net
14,4,14,1,アメJ [美容] 203-A ③ clean-bighome.xyz,,美人顔を作る努力,美人は元の素材だけでは完璧になりません。日々のケアを行わないと宝の持ち腐れになりがちです。,65.75.142.157,http://clean-bighome.xyz/,J,J-203-A-clean-kirakiravline.com 
13,4,13,1,アメJ [美容] 203-A ② datsumo-suki.co,,脱毛が大好きだから！,脱毛大好きな女子が脱毛の良さをちょっとだけ語っちゃいます★,65.75.141.168,http://datsumo-suki.co/,J,J-203-A-datumou-beaty.com
12,4,12,1,アメJ [美容] 203-A ⑤ cosme-lover.info,,しっとりつるつるん,産まれたときから、赤ちゃん肌だと褒められてきた私が行っている10のルール,65.75.140.169,http://cosme-lover.info/,J,J-203-A-keshouhin-location.com
11,4,11,1,アメJ [美容] 203-A ⑧ diet-fanfan.asia,,20キロ減を目指して…について,,65.75.139.167,http://diet-fanfan.asia/,J,J-203-A-diet-street.net
10,4,10,1,アメJ [美容] 203-A ⑦ antiageing-fan.xyz,,アンチエイジングの秘訣,そろそろアンチエイジングの次期だし、おすすめの商品を片っ端から試してます,65.75.138.185,http://antiageing-fan.xyz/,J,J-203-A-antiageing-road.net
9,4,9,1,アメJ [美容] 203-A ⑨ datsumou-mania.info,,お肌を傷めないように,お肌はとても敏感です。ちょっとの刺激でシミやシワの原因を作ってしまいます。注意しましょう。,65.75.137.179,http://datsumou-mania.info/,J,J-203-A-datsumou-garden
8,4,8,1,アメJ [美容] 203-A ⑩ mastsugeekusute-club.co,,もりまつ毛でデカ目！,どんなに可愛くても目力がないとなんかのっぺりした印象になります。どうせなら目元ももりもりにしてもっと可愛くなりましょう！,65.75.136.180,http://mastsugeekusute-club.co/,J,J-203-A-mastsugeekusute-stage
7,4,7,1,アメJ [美容] 203-A ④ key-koukan.asia,,きらきら女子を目指して,いつでもパワフル元気なオレンジハニーのはつらつブログです★,65.75.135.187,http://key-koukan.asia/,J,J-203-A-keys-kirakira
6,4,6,1,アメJ [美容] 203-A ⑥ shiwa-nakusu.co,,しわしわお婆ちゃんの美容対策講座について,,65.75.133.196,http://shiwa-nakusu.co/,J,J-203-A 
5,6,75,32,IP200 [-] 201-B ④ floorcoating-club.info,,フロアコーティングのやり方サイト,何もかも綺麗にしないと気がきでない人のお手柄簡単豆知識サイト,64.247.176.173,http://floorcoating-club.info/,IP-200,IP200 [-] 201-B floorcoating-world.com
4,5,64,32,IP100 [-] 101-A ⑨ jiko-te-itai.info,,結婚式からの洋服買取｜総合日記！,結婚式からの洋服買取｜人生色々…男も色々…印象深い出来事があれば雑多に書いていく自己満サイト,65.75.134.80,http://jiko-te-itai.info/,IP-100,IP100 [-] 101-A koutsuujiko-teritory.com
3,4,119,32,J [-] 1001-A ① biyou-love.xyz,,<医療レーザ脱毛>色々なコラム,<医療レーザ脱毛>色々なコラム|医療レーザー脱毛に関しては特に強いサイトです。,159.174.255.225,http://biyou-love.xyz/,J,J [-] 1001A biyou-service.com
2,3,2,25,アメJ [生活] 301-A ① pet-road.net,,生活雑貨.com,ペットのこと、生活雑貨のこと…日々の生活でオススメだと思ったことを書いています。,129.121.103.103,http://pet-road.net/,アメJ,アメJ
1,2,94,1,アメーバ [美容] 123 ⑥ kirari-auction.co,,オフィスのお洒落いちらーん★｜ビューティーコラム.com,オフィスのお洒落いちらーん★｜当サイトは綺麗になりたい女の子のためのビューティ総合サイトです。,69.41.247.5,http://kirari-auction.co/,アメーバ,アメーバ [美容] 123-101 auction-field.com
